{"cameraMode":{"drawMode":0,"name":"Shaded","section":"Shading Mode"},"sceneLighting":false,"audioPlay":false,"sceneViewState":{"showFog":true,"showMaterialUpdate":true,"showSkybox":true,"showFlares":true,"showImageEffects":true,"showParticleSystems":true},"in2DMode":false,"pivot":{"x":47.114234924316409,"y":1.4961519241333008,"z":22.072261810302736},"rotation":{"x":-0.11755430698394776,"y":0.8399779796600342,"z":-0.2015543282032013,"w":-0.48990362882614138},"size":5.745019912719727,"orthographic":false}