{"cameraMode":{"drawMode":0,"name":"Shaded","section":"Shading Mode"},"sceneLighting":false,"audioPlay":false,"sceneViewState":{"showFog":true,"showMaterialUpdate":true,"showSkybox":true,"showFlares":true,"showImageEffects":true,"showParticleSystems":true},"in2DMode":false,"pivot":{"x":36.26492691040039,"y":-1.823145866394043,"z":23.982332229614259},"rotation":{"x":0.003424151102080941,"y":0.9583227634429932,"z":-0.28545400500297549,"w":0.011500407010316849},"size":20.617229461669923,"orthographic":false}