{"cameraMode":{"drawMode":0,"name":"Shaded","section":"Shading Mode"},"sceneLighting":false,"audioPlay":false,"sceneViewState":{"showFog":true,"showMaterialUpdate":true,"showSkybox":true,"showFlares":true,"showImageEffects":true,"showParticleSystems":true},"in2DMode":false,"pivot":{"x":25.958908081054689,"y":0.7762867212295532,"z":27.02094078063965},"rotation":{"x":-0.010144170373678208,"y":-0.9721217751502991,"z":0.23049747943878175,"w":-0.04263269528746605},"size":4.970254898071289,"orthographic":false}