{"cameraMode":{"drawMode":0,"name":"Shaded","section":"Shading Mode"},"sceneLighting":false,"audioPlay":false,"sceneViewState":{"showFog":true,"showMaterialUpdate":true,"showSkybox":true,"showFlares":true,"showImageEffects":true,"showParticleSystems":true},"in2DMode":false,"pivot":{"x":56.464088439941409,"y":0.13260269165039063,"z":42.72211456298828},"rotation":{"x":0.05672146752476692,"y":0.9130221605300903,"z":-0.380440890789032,"w":0.13604284822940827},"size":39.03461837768555,"orthographic":false}