{"cameraMode":{"drawMode":0,"name":"Shaded","section":"Shading Mode"},"sceneLighting":false,"audioPlay":false,"sceneViewState":{"showFog":true,"showMaterialUpdate":true,"showSkybox":true,"showFlares":true,"showImageEffects":true,"showParticleSystems":true},"in2DMode":false,"pivot":{"x":48.57178497314453,"y":-1.1682147979736329,"z":22.77539825439453},"rotation":{"x":-0.05028668791055679,"y":0.9487674236297607,"z":-0.19776348769664765,"w":-0.24124981462955476},"size":42.34760665893555,"orthographic":false}