{"cameraMode":{"drawMode":0,"name":"Shaded","section":"Shading Mode"},"sceneLighting":false,"audioPlay":false,"sceneViewState":{"showFog":true,"showMaterialUpdate":true,"showSkybox":true,"showFlares":true,"showImageEffects":true,"showParticleSystems":true},"in2DMode":false,"pivot":{"x":26.500125885009767,"y":0.8633685111999512,"z":26.364116668701173},"rotation":{"x":-0.0007591142784804106,"y":0.9856622815132141,"z":-0.16868863999843598,"w":-0.00443582609295845},"size":4.001351833343506,"orthographic":false}